user_id,name,username,group_idx,group_tg_id,group_name,class,ground_truth_comm
1293695386,❤️,irinabarabash2,0,-787553900,Тефачки,семья,семья
948057117,Оля,ishk_yapts,0,-787553900,Тефачки,семья,семья
1354905725,Будущий 💚,Halcyon999,1,-1002891225908,Alt-right party,друзья,друзья_1
469145391,Алиса Комрад 🤜🤛,wonderland_13,1,-1002891225908,Alt-right party,друзья,друзья_1
1125600016,Салимат 🍾,Zaydieva,1,-1002891225908,Alt-right party,друзья,друзья_1
1881810964,Anastasia Ovchinnikova,,1,-1002891225908,Alt-right party,друзья,друзья_1
686599248,Женя 🪄,Nonnonmacaron,1,-1002891225908,Alt-right party,друзья,друзья_1
261986453,васяколбася,kvasmaloy,2,-1002170117621,:о) мы хотим в экспедицию,учеба,учеба
267244287,Lada,luckyseven_s,2,-1002170117621,:о) мы хотим в экспедицию,учеба,учеба
469555607,饭桶,liming_v,2,-1002170117621,:о) мы хотим в экспедицию,учеба,учеба
374631663,Irina,germanprincess,2,-1002170117621,:о) мы хотим в экспедицию,учеба,учеба
686599248,Женя 🪄,Nonnonmacaron,2,-1002170117621,:о) мы хотим в экспедицию,учеба,учеба
1352312167,Александра,sh_allie,2,-1002170117621,:о) мы хотим в экспедицию,учеба,учеба
481991549,Ангелина Степанова,life_on_maaars,2,-1002170117621,:о) мы хотим в экспедицию,учеба,учеба
1027839559,Kirill Soloshenko,Admiral_Tvoei_Lubvi,2,-1002170117621,:о) мы хотим в экспедицию,учеба,учеба
895664826,Сэр ежа,serezhkag,2,-1002170117621,:о) мы хотим в экспедицию,учеба,учеба
394877112,Antonius,Antonius778,2,-1002170117621,:о) мы хотим в экспедицию,учеба,учеба
906577677,Albert Kornilov,the_eigenvalue,2,-1002170117621,:о) мы хотим в экспедицию,учеба,учеба
431316101,Андрей,andrey_bobr,2,-1002170117621,:о) мы хотим в экспедицию,учеба,учеба
1973163390,marina,fenliee,2,-1002170117621,:о) мы хотим в экспедицию,учеба,учеба
376349502,Алёна,malyavochkina,2,-1002170117621,:о) мы хотим в экспедицию,учеба,учеба
465024867,Elizabeth,e_f_swedenborg,2,-1002170117621,:о) мы хотим в экспедицию,учеба,учеба
1076318107,пуфик,pufik0602,2,-1002170117621,:о) мы хотим в экспедицию,учеба,учеба
839807830,sveta,krahekrahzte,2,-1002170117621,:о) мы хотим в экспедицию,учеба,учеба
1315420237,Максим Ст,maxime_st,2,-1002170117621,:о) мы хотим в экспедицию,учеба,учеба
815991502,Полина Меньшова,polina_men19,2,-1002170117621,:о) мы хотим в экспедицию,учеба,учеба
90683836,Artem Katsnelson,AKatsnelson,2,-1002170117621,:о) мы хотим в экспедицию,учеба,учеба
442878655,Егор,odomort,2,-1002170117621,:о) мы хотим в экспедицию,учеба,учеба
5051317313,Елизавета,itsvecha,2,-1002170117621,:о) мы хотим в экспедицию,учеба,учеба
903469289,Крокодил 🐊,Crocodile_Game_Bot,2,-1002170117621,:о) мы хотим в экспедицию,учеба,учеба
618290969,Маша Волина,volina092,2,-1002170117621,:о) мы хотим в экспедицию,учеба,учеба
5001880455,"Oh, my quote",ohmyquotebot,2,-1002170117621,:о) мы хотим в экспедицию,учеба,учеба
1117283883,Анастасия|Russian teacher| Преподаватель английского,loreleya65,3,-4784495619,Экспериментальная лингвистика и ИИ 2025,учеба,учеба
430922734,Григорий Сибилёв,ShrishSib,3,-4784495619,Экспериментальная лингвистика и ИИ 2025,учеба,учеба
1664133934,Veronika Kulikova,vermisstt,3,-4784495619,Экспериментальная лингвистика и ИИ 2025,учеба,учеба
901740320,Kate Savina,chudo_prianik,3,-4784495619,Экспериментальная лингвистика и ИИ 2025,учеба,учеба
1422865070,Elena Levina,elenaslevina,3,-4784495619,Экспериментальная лингвистика и ИИ 2025,учеба,учеба
585959793,натали,nataliskashina,3,-4784495619,Экспериментальная лингвистика и ИИ 2025,учеба,учеба
686599248,Женя 🪄,Nonnonmacaron,3,-4784495619,Экспериментальная лингвистика и ИИ 2025,учеба,учеба
1315420237,Максим Ст,maxime_st,3,-4784495619,Экспериментальная лингвистика и ИИ 2025,учеба,учеба
5051317313,Елизавета,itsvecha,3,-4784495619,Экспериментальная лингвистика и ИИ 2025,учеба,учеба
267244287,Lada,luckyseven_s,3,-4784495619,Экспериментальная лингвистика и ИИ 2025,учеба,учеба
1027839559,Kirill Soloshenko,Admiral_Tvoei_Lubvi,3,-4784495619,Экспериментальная лингвистика и ИИ 2025,учеба,учеба
839807830,sveta,krahekrahzte,3,-4784495619,Экспериментальная лингвистика и ИИ 2025,учеба,учеба
481991549,Ангелина Степанова,life_on_maaars,3,-4784495619,Экспериментальная лингвистика и ИИ 2025,учеба,учеба
90683836,Artem Katsnelson,AKatsnelson,3,-4784495619,Экспериментальная лингвистика и ИИ 2025,учеба,учеба
465024867,Elizabeth,e_f_swedenborg,3,-4784495619,Экспериментальная лингвистика и ИИ 2025,учеба,учеба
895664826,Сэр ежа,serezhkag,3,-4784495619,Экспериментальная лингвистика и ИИ 2025,учеба,учеба
1973163390,marina,fenliee,3,-4784495619,Экспериментальная лингвистика и ИИ 2025,учеба,учеба
5188919562,Anna,silverlaining,3,-4784495619,Экспериментальная лингвистика и ИИ 2025,учеба,учеба
1076318107,пуфик,pufik0602,3,-4784495619,Экспериментальная лингвистика и ИИ 2025,учеба,учеба
442878655,Егор,odomort,3,-4784495619,Экспериментальная лингвистика и ИИ 2025,учеба,учеба
906577677,Albert Kornilov,the_eigenvalue,3,-4784495619,Экспериментальная лингвистика и ИИ 2025,учеба,учеба
431316101,Андрей,andrey_bobr,3,-4784495619,Экспериментальная лингвистика и ИИ 2025,учеба,учеба
394877112,Antonius,Antonius778,3,-4784495619,Экспериментальная лингвистика и ИИ 2025,учеба,учеба
815991502,Полина Меньшова,polina_men19,3,-4784495619,Экспериментальная лингвистика и ИИ 2025,учеба,учеба
469555607,饭桶,liming_v,3,-4784495619,Экспериментальная лингвистика и ИИ 2025,учеба,учеба
376349502,Алёна,malyavochkina,3,-4784495619,Экспериментальная лингвистика и ИИ 2025,учеба,учеба
374631663,Irina,germanprincess,3,-4784495619,Экспериментальная лингвистика и ИИ 2025,учеба,учеба
1352312167,Александра,sh_allie,3,-4784495619,Экспериментальная лингвистика и ИИ 2025,учеба,учеба
261986453,васяколбася,kvasmaloy,3,-4784495619,Экспериментальная лингвистика и ИИ 2025,учеба,учеба
243732784,Anna Komissarenko (Zhuravleva),zhuravlevahanna,3,-4784495619,Экспериментальная лингвистика и ИИ 2025,учеба,учеба
452018939,Настя Рыжова,ryzhik_22,4,-1003095654976,DL for NLP 2025,учеба,учеба
172543854,Mikhail,misha_p,4,-1003095654976,DL for NLP 2025,учеба,учеба
1315420237,Максим Ст,maxime_st,4,-1003095654976,DL for NLP 2025,учеба,учеба
267244287,Lada,luckyseven_s,4,-1003095654976,DL for NLP 2025,учеба,учеба
5188919562,Anna,silverlaining,4,-1003095654976,DL for NLP 2025,учеба,учеба
822009290,Aleksandra,sandyybay,4,-1003095654976,DL for NLP 2025,учеба,учеба
481991549,Ангелина Степанова,life_on_maaars,4,-1003095654976,DL for NLP 2025,учеба,учеба
1352312167,Александра,sh_allie,4,-1003095654976,DL for NLP 2025,учеба,учеба
906577677,Albert Kornilov,the_eigenvalue,4,-1003095654976,DL for NLP 2025,учеба,учеба
815991502,Полина Меньшова,polina_men19,4,-1003095654976,DL for NLP 2025,учеба,учеба
839807830,sveta,krahekrahzte,4,-1003095654976,DL for NLP 2025,учеба,учеба
261986453,васяколбася,kvasmaloy,4,-1003095654976,DL for NLP 2025,учеба,учеба
1027839559,Kirill Soloshenko,Admiral_Tvoei_Lubvi,4,-1003095654976,DL for NLP 2025,учеба,учеба
376349502,Алёна,malyavochkina,4,-1003095654976,DL for NLP 2025,учеба,учеба
394877112,Antonius,Antonius778,4,-1003095654976,DL for NLP 2025,учеба,учеба
374631663,Irina,germanprincess,4,-1003095654976,DL for NLP 2025,учеба,учеба
6569706622,Nabeel Hassan,hassannabeel,4,-1003095654976,DL for NLP 2025,учеба,учеба
7510542181,Аакаш,Aakashmeghwar,4,-1003095654976,DL for NLP 2025,учеба,учеба
1973163390,marina,fenliee,4,-1003095654976,DL for NLP 2025,учеба,учеба
895664826,Сэр ежа,serezhkag,4,-1003095654976,DL for NLP 2025,учеба,учеба
474093728,Yulia Badryzlova,Yulia_Badryzlova,4,-1003095654976,DL for NLP 2025,учеба,учеба
605573804,Денис Дорохов,denis_dorokhov1,4,-1003095654976,DL for NLP 2025,учеба,учеба
409292346,lyubov,lyutl,4,-1003095654976,DL for NLP 2025,учеба,учеба
90683836,Artem Katsnelson,AKatsnelson,4,-1003095654976,DL for NLP 2025,учеба,учеба
5051317313,Елизавета,itsvecha,4,-1003095654976,DL for NLP 2025,учеба,учеба
465024867,Elizabeth,e_f_swedenborg,4,-1003095654976,DL for NLP 2025,учеба,учеба
1076318107,пуфик,pufik0602,4,-1003095654976,DL for NLP 2025,учеба,учеба
431316101,Андрей,andrey_bobr,4,-1003095654976,DL for NLP 2025,учеба,учеба
469555607,饭桶,liming_v,4,-1003095654976,DL for NLP 2025,учеба,учеба
442878655,Егор,odomort,4,-1003095654976,DL for NLP 2025,учеба,учеба
686599248,Женя 🪄,Nonnonmacaron,4,-1003095654976,DL for NLP 2025,учеба,учеба
476070897,Андрей,Keyanto,5,-4826131631,Гламурный нг,друзья,друзья_2
439703644,Ilya Gribov,GraimGorgazz,5,-4826131631,Гламурный нг,друзья,друзья_2
740334496,Artem,ArtemIVaD,5,-4826131631,Гламурный нг,друзья,друзья_2
584703348,Daria Troshkina,troshkina_daria,5,-4826131631,Гламурный нг,друзья,друзья_2
438200603,Ярослав 💘,gor_yar,5,-4826131631,Гламурный нг,друзья,друзья_2
393997496,Тыр Пыр,Mabooyy,5,-4826131631,Гламурный нг,друзья,друзья_2
1392365019,Гоша Штайнванд,steinvvand,5,-4826131631,Гламурный нг,друзья,друзья_2
913409637,Алина,a_rechina,6,-1002342217265,ВК-тренды (внутренний),работа,работа_1
206951393,Artur Gimranov,toobrainless,6,-1002342217265,ВК-тренды (внутренний),работа,работа_1
94575705,Илья Карпов,karpovilia,6,-1002342217265,ВК-тренды (внутренний),работа,работа_1
323148587,Дарья,rathtowy,6,-1002342217265,ВК-тренды (внутренний),работа,работа_1
152232745,Stepa Tyunyaev,stepatyunyaev,6,-1002342217265,ВК-тренды (внутренний),работа,работа_1
489684053,Ivan Chepikov,darttusin,6,-1002342217265,ВК-тренды (внутренний),работа,работа_1
248863894,Elizaveta Zhemchuzhina,lizazhemchuzhina,6,-1002342217265,ВК-тренды (внутренний),работа,работа_1
206709618,ARVO,mr_arvo,6,-1002342217265,ВК-тренды (внутренний),работа,работа_1
95289678,Alexey,mosyamac,6,-1002342217265,ВК-тренды (внутренний),работа,работа_1
261986453,васяколбася,kvasmaloy,7,-1002433624625,:0) ВАЖНОЕ,учеба,учеба
1315420237,Максим Ст,maxime_st,7,-1002433624625,:0) ВАЖНОЕ,учеба,учеба
267244287,Lada,luckyseven_s,7,-1002433624625,:0) ВАЖНОЕ,учеба,учеба
90683836,Artem Katsnelson,AKatsnelson,7,-1002433624625,:0) ВАЖНОЕ,учеба,учеба
839807830,sveta,krahekrahzte,7,-1002433624625,:0) ВАЖНОЕ,учеба,учеба
481991549,Ангелина Степанова,life_on_maaars,7,-1002433624625,:0) ВАЖНОЕ,учеба,учеба
686599248,Женя 🪄,Nonnonmacaron,7,-1002433624625,:0) ВАЖНОЕ,учеба,учеба
895664826,Сэр ежа,serezhkag,7,-1002433624625,:0) ВАЖНОЕ,учеба,учеба
1973163390,marina,fenliee,7,-1002433624625,:0) ВАЖНОЕ,учеба,учеба
815991502,Полина Меньшова,polina_men19,7,-1002433624625,:0) ВАЖНОЕ,учеба,учеба
465024867,Elizabeth,e_f_swedenborg,7,-1002433624625,:0) ВАЖНОЕ,учеба,учеба
376349502,Алёна,malyavochkina,7,-1002433624625,:0) ВАЖНОЕ,учеба,учеба
469555607,饭桶,liming_v,7,-1002433624625,:0) ВАЖНОЕ,учеба,учеба
394877112,Antonius,Antonius778,7,-1002433624625,:0) ВАЖНОЕ,учеба,учеба
906577677,Albert Kornilov,the_eigenvalue,7,-1002433624625,:0) ВАЖНОЕ,учеба,учеба
442878655,Егор,odomort,7,-1002433624625,:0) ВАЖНОЕ,учеба,учеба
374631663,Irina,germanprincess,7,-1002433624625,:0) ВАЖНОЕ,учеба,учеба
1352312167,Александра,sh_allie,7,-1002433624625,:0) ВАЖНОЕ,учеба,учеба
1076318107,пуфик,pufik0602,7,-1002433624625,:0) ВАЖНОЕ,учеба,учеба
1027839559,Kirill Soloshenko,Admiral_Tvoei_Lubvi,7,-1002433624625,:0) ВАЖНОЕ,учеба,учеба
431316101,Андрей,andrey_bobr,7,-1002433624625,:0) ВАЖНОЕ,учеба,учеба
618290969,Маша Волина,volina092,7,-1002433624625,:0) ВАЖНОЕ,учеба,учеба
5051317313,Елизавета,itsvecha,7,-1002433624625,:0) ВАЖНОЕ,учеба,учеба
5188919562,Anna,silverlaining,7,-1002433624625,:0) ВАЖНОЕ,учеба,учеба
166172586,Евгений,MyBerries,8,-1003447614917,ИИСР,работа,работа_2
246345099,Данила Добрынин,,8,-1003447614917,ИИСР,работа,работа_2
365012124,evmedvedev,evmedvedev,8,-1003447614917,ИИСР,работа,работа_2
5082552910,Maxim D,stacosmax,8,-1003447614917,ИИСР,работа,работа_2
505099469,Александр Белинский,a_belinsky,8,-1003447614917,ИИСР,работа,работа_2
7980061261,Prorab,AIProrab_bot,8,-1003447614917,ИИСР,работа,работа_2
5117988277,Степанов Андрей Сергеевич,,8,-1003447614917,ИИСР,работа,работа_2
537236698,Nariman,nariman001,8,-1003447614917,ИИСР,работа,работа_2
155568652,Elena (Шёрстка) Nikitina,Shorstko,8,-1003447614917,ИИСР,работа,работа_2
939781356,Олег,,8,-1003447614917,ИИСР,работа,работа_2
433741225,Ermil,Irkitov,8,-1003447614917,ИИСР,работа,работа_2
448438973,Konstantin,,8,-1003447614917,ИИСР,работа,работа_2
1210023892,Дарья Дубровская,hapronff,8,-1003447614917,ИИСР,работа,работа_2
8270420581,Дмитрий Т.,,8,-1003447614917,ИИСР,работа,работа_2
2022276934,Роман,Roman8911,8,-1003447614917,ИИСР,работа,работа_2
1037038066,Oleg Shchurov,ShchurovOA,8,-1003447614917,ИИСР,работа,работа_2
1027488429,Eldar,e_baynazarov,8,-1003447614917,ИИСР,работа,работа_2
580313803,Сергей,sergeifromsiberia,8,-1003447614917,ИИСР,работа,работа_2
1535466946,Alexandr Krivomazov,,8,-1003447614917,ИИСР,работа,работа_2
7159383792,Дарья Сидорова,sid_98,8,-1003447614917,ИИСР,работа,работа_2
6743314900,Валерий Завьялов,,8,-1003447614917,ИИСР,работа,работа_2
1373677491,Анжелла Бойко,anzhella_boiko,8,-1003447614917,ИИСР,работа,работа_2
1223114252,Galim,,8,-1003447614917,ИИСР,работа,работа_2
445762423,Аn N,An_n_17,8,-1003447614917,ИИСР,работа,работа_2
1109309184,grigori,Grigori_Vasiliev,8,-1003447614917,ИИСР,работа,работа_2
1688093215,Юлия Ясенович,,8,-1003447614917,ИИСР,работа,работа_2
792348889,Rustem,Rustem_Imaev,8,-1003447614917,ИИСР,работа,работа_2
782277038,Sergey,Sergey_s54,8,-1003447614917,ИИСР,работа,работа_2
456712411,Nikita Vagner,nikitavagner,8,-1003447614917,ИИСР,работа,работа_2
389006263,Vladislav Yarkin,,8,-1003447614917,ИИСР,работа,работа_2
6024193435,Ирина Красноперова,,8,-1003447614917,ИИСР,работа,работа_2
5866181833,Lecter,,8,-1003447614917,ИИСР,работа,работа_2
5276233555,Константин Булинин,,8,-1003447614917,ИИСР,работа,работа_2
1130698449,Алексей Вадимович,AVSh01,8,-1003447614917,ИИСР,работа,работа_2
1119035782,Evgeniy,EvgenyPoz,8,-1003447614917,ИИСР,работа,работа_2
1014187157,Александр Сапожников,alexander_sapozhnikov_527,8,-1003447614917,ИИСР,работа,работа_2
913409637,Алина,a_rechina,8,-1003447614917,ИИСР,работа,работа_2
559897951,Sanoske,,8,-1003447614917,ИИСР,работа,работа_2
468623544,Кирилл,,8,-1003447614917,ИИСР,работа,работа_2
270199689,Андрей,polakgaz,8,-1003447614917,ИИСР,работа,работа_2
243054576,Kirill Balbek,kbalbek,8,-1003447614917,ИИСР,работа,работа_2
173794229,Алексей,kaidzenuknow,8,-1003447614917,ИИСР,работа,работа_2
485308239,Katya Sineva,hellaninja,9,-4844257183,РКИ проект (коррекционный класс Сас),учеба,учеба
906577677,Albert Kornilov,the_eigenvalue,9,-4844257183,РКИ проект (коррекционный класс Сас),учеба,учеба
686599248,Женя 🪄,Nonnonmacaron,9,-4844257183,РКИ проект (коррекционный класс Сас),учеба,учеба
90683836,Artem Katsnelson,AKatsnelson,10,-1003240597254,HSE Social Networks 2025,учеба,учеба
114562679,Vitaliy Pozdnyakov,pozdnyakov_vitaliy,10,-1003240597254,HSE Social Networks 2025,учеба,учеба
267244287,Lada,luckyseven_s,10,-1003240597254,HSE Social Networks 2025,учеба,учеба
261986453,васяколбася,kvasmaloy,10,-1003240597254,HSE Social Networks 2025,учеба,учеба
159473572,Alexandra Kogan,horror_in_black,10,-1003240597254,HSE Social Networks 2025,учеба,учеба
1968621919,Вячеслав Свиридов,JDONtg,10,-1003240597254,HSE Social Networks 2025,учеба,учеба
374631663,Irina,germanprincess,10,-1003240597254,HSE Social Networks 2025,учеба,учеба
638445116,qwerty 555,complex_warrior,10,-1003240597254,HSE Social Networks 2025,учеба,учеба
895664826,Сэр ежа,serezhkag,10,-1003240597254,HSE Social Networks 2025,учеба,учеба
1027839559,Kirill Soloshenko,Admiral_Tvoei_Lubvi,10,-1003240597254,HSE Social Networks 2025,учеба,учеба
1315420237,Максим Ст,maxime_st,10,-1003240597254,HSE Social Networks 2025,учеба,учеба
815991502,Полина Меньшова,polina_men19,10,-1003240597254,HSE Social Networks 2025,учеба,учеба
846237002,Маргарита,velgarita,10,-1003240597254,HSE Social Networks 2025,учеба,учеба
247770566,Гоша Кретов,egor_gangsta,10,-1003240597254,HSE Social Networks 2025,учеба,учеба
1076318107,пуфик,pufik0602,10,-1003240597254,HSE Social Networks 2025,учеба,учеба
585959793,натали,nataliskashina,10,-1003240597254,HSE Social Networks 2025,учеба,учеба
481991549,Ангелина Степанова,life_on_maaars,10,-1003240597254,HSE Social Networks 2025,учеба,учеба
1422865070,Elena Levina,elenaslevina,10,-1003240597254,HSE Social Networks 2025,учеба,учеба
775378627,Аня🖤,asel_eze,10,-1003240597254,HSE Social Networks 2025,учеба,учеба
5051317313,Елизавета,itsvecha,10,-1003240597254,HSE Social Networks 2025,учеба,учеба
906577677,Albert Kornilov,the_eigenvalue,10,-1003240597254,HSE Social Networks 2025,учеба,учеба
442878655,Егор,odomort,10,-1003240597254,HSE Social Networks 2025,учеба,учеба
1973163390,marina,fenliee,10,-1003240597254,HSE Social Networks 2025,учеба,учеба
394877112,Antonius,Antonius778,10,-1003240597254,HSE Social Networks 2025,учеба,учеба
686599248,Женя 🪄,Nonnonmacaron,10,-1003240597254,HSE Social Networks 2025,учеба,учеба
431316101,Андрей,andrey_bobr,10,-1003240597254,HSE Social Networks 2025,учеба,учеба
839807830,sveta,krahekrahzte,10,-1003240597254,HSE Social Networks 2025,учеба,учеба
469555607,饭桶,liming_v,10,-1003240597254,HSE Social Networks 2025,учеба,учеба
465024867,Elizabeth,e_f_swedenborg,10,-1003240597254,HSE Social Networks 2025,учеба,учеба
1352312167,Александра,sh_allie,10,-1003240597254,HSE Social Networks 2025,учеба,учеба
5188919562,Anna,silverlaining,10,-1003240597254,HSE Social Networks 2025,учеба,учеба
376349502,Алёна,malyavochkina,10,-1003240597254,HSE Social Networks 2025,учеба,учеба
253746832,Alexey Neznanov,Alex_Neznanov,11,-1002791464938,2025_HSE_Ontologies,учеба,учеба
327569594,Елизавета Копыло́ва,couple_of_lis,11,-1002791464938,2025_HSE_Ontologies,учеба,учеба
469555607,饭桶,liming_v,11,-1002791464938,2025_HSE_Ontologies,учеба,учеба
267244287,Lada,luckyseven_s,11,-1002791464938,2025_HSE_Ontologies,учеба,учеба
1539759101,Alexey Maximov,murasakigarasu,11,-1002791464938,2025_HSE_Ontologies,учеба,учеба
90683836,Artem Katsnelson,AKatsnelson,11,-1002791464938,2025_HSE_Ontologies,учеба,учеба
5188919562,Anna,silverlaining,11,-1002791464938,2025_HSE_Ontologies,учеба,учеба
261986453,васяколбася,kvasmaloy,11,-1002791464938,2025_HSE_Ontologies,учеба,учеба
356148360,Anastasya Bogdanova,AnastasyaBogdanova,11,-1002791464938,2025_HSE_Ontologies,учеба,учеба
275743177,Анастасия,nastasyaorlova,11,-1002791464938,2025_HSE_Ontologies,учеба,учеба
326732425,Дарья Галкина,cute_if_mute,11,-1002791464938,2025_HSE_Ontologies,учеба,учеба
394877112,Antonius,Antonius778,11,-1002791464938,2025_HSE_Ontologies,учеба,учеба
1352312167,Александра,sh_allie,11,-1002791464938,2025_HSE_Ontologies,учеба,учеба
431316101,Андрей,andrey_bobr,11,-1002791464938,2025_HSE_Ontologies,учеба,учеба
1758277367,Владлена Гурьева,VladlenaGureva,11,-1002791464938,2025_HSE_Ontologies,учеба,учеба
839807830,sveta,krahekrahzte,11,-1002791464938,2025_HSE_Ontologies,учеба,учеба
895664826,Сэр ежа,serezhkag,11,-1002791464938,2025_HSE_Ontologies,учеба,учеба
686599248,Женя 🪄,Nonnonmacaron,11,-1002791464938,2025_HSE_Ontologies,учеба,учеба
717098907,Karina,karinachadaeva,11,-1002791464938,2025_HSE_Ontologies,учеба,учеба
1027839559,Kirill Soloshenko,Admiral_Tvoei_Lubvi,11,-1002791464938,2025_HSE_Ontologies,учеба,учеба
326854421,Michelle Catlin,michellecatlin1,11,-1002791464938,2025_HSE_Ontologies,учеба,учеба
815991502,Полина Меньшова,polina_men19,11,-1002791464938,2025_HSE_Ontologies,учеба,учеба
374853018,Даша!,dx14or,11,-1002791464938,2025_HSE_Ontologies,учеба,учеба
1076318107,пуфик,pufik0602,11,-1002791464938,2025_HSE_Ontologies,учеба,учеба
340973092,Valeriy,Valeriy_E,11,-1002791464938,2025_HSE_Ontologies,учеба,учеба
500188698,Renat,RenatSE,11,-1002791464938,2025_HSE_Ontologies,учеба,учеба
374631663,Irina,germanprincess,11,-1002791464938,2025_HSE_Ontologies,учеба,учеба
264457838,Елена,o1gerd,11,-1002791464938,2025_HSE_Ontologies,учеба,учеба
1315420237,Максим Ст,maxime_st,11,-1002791464938,2025_HSE_Ontologies,учеба,учеба
384338637,Vasilii,new_ease,11,-1002791464938,2025_HSE_Ontologies,учеба,учеба
32764584,Andrey,aparinov,11,-1002791464938,2025_HSE_Ontologies,учеба,учеба
503672697,Александр Глушко,kumokage,11,-1002791464938,2025_HSE_Ontologies,учеба,учеба
670439116,Георгий,LaninGM,11,-1002791464938,2025_HSE_Ontologies,учеба,учеба
842421204,София,sofiaplushka,11,-1002791464938,2025_HSE_Ontologies,учеба,учеба
557079706,Поля Дорожкина,polya_dorozhkina,11,-1002791464938,2025_HSE_Ontologies,учеба,учеба
1722940039,Дарья Гайтукиева,daria_gaitukieva,11,-1002791464938,2025_HSE_Ontologies,учеба,учеба
280476428,Виктория Пирогова,vpirogovaa,11,-1002791464938,2025_HSE_Ontologies,учеба,учеба
247770566,Гоша Кретов,egor_gangsta,11,-1002791464938,2025_HSE_Ontologies,учеба,учеба
1110670350,Катя Егоренкова,EEgoren,11,-1002791464938,2025_HSE_Ontologies,учеба,учеба
5051317313,Елизавета,itsvecha,11,-1002791464938,2025_HSE_Ontologies,учеба,учеба
1258620688,Влада,vladaberlin,11,-1002791464938,2025_HSE_Ontologies,учеба,учеба
1973163390,marina,fenliee,11,-1002791464938,2025_HSE_Ontologies,учеба,учеба
906577677,Albert Kornilov,the_eigenvalue,11,-1002791464938,2025_HSE_Ontologies,учеба,учеба
481991549,Ангелина Степанова,life_on_maaars,11,-1002791464938,2025_HSE_Ontologies,учеба,учеба
442878655,Егор,odomort,11,-1002791464938,2025_HSE_Ontologies,учеба,учеба
369064298,Oksy Tsegoeva,oksts,11,-1002791464938,2025_HSE_Ontologies,учеба,учеба
465024867,Elizabeth,e_f_swedenborg,11,-1002791464938,2025_HSE_Ontologies,учеба,учеба
376349502,Алёна,malyavochkina,11,-1002791464938,2025_HSE_Ontologies,учеба,учеба
203086262,Daria Perova,oranused,11,-1002791464938,2025_HSE_Ontologies,учеба,учеба
1315420237,Максим Ст,maxime_st,12,-4962915442,Проект по онтологиям,учеба,учеба
374631663,Irina,germanprincess,12,-4962915442,Проект по онтологиям,учеба,учеба
267244287,Lada,luckyseven_s,12,-4962915442,Проект по онтологиям,учеба,учеба
472897852,Eduard Klyshinsky,Klyshinsky,13,-1002164751550,2024 Компьютерная лингвистика,учеба,учеба
481991549,Ангелина Степанова,life_on_maaars,13,-1002164751550,2024 Компьютерная лингвистика,учеба,учеба
203086262,Daria Perova,oranused,13,-1002164751550,2024 Компьютерная лингвистика,учеба,учеба
450062460,Татьяна Симонова,tv_simonova,13,-1002164751550,2024 Компьютерная лингвистика,учеба,учеба
267244287,Lada,luckyseven_s,13,-1002164751550,2024 Компьютерная лингвистика,учеба,учеба
629921113,dasha popova,dppopova,13,-1002164751550,2024 Компьютерная лингвистика,учеба,учеба
1315420237,Максим Ст,maxime_st,13,-1002164751550,2024 Компьютерная лингвистика,учеба,учеба
376349502,Алёна,malyavochkina,13,-1002164751550,2024 Компьютерная лингвистика,учеба,учеба
90683836,Artem Katsnelson,AKatsnelson,13,-1002164751550,2024 Компьютерная лингвистика,учеба,учеба
469555607,饭桶,liming_v,13,-1002164751550,2024 Компьютерная лингвистика,учеба,учеба
144728014,Svetlana Toldova,toldova,13,-1002164751550,2024 Компьютерная лингвистика,учеба,учеба
1027839559,Kirill Soloshenko,Admiral_Tvoei_Lubvi,13,-1002164751550,2024 Компьютерная лингвистика,учеба,учеба
394877112,Antonius,Antonius778,13,-1002164751550,2024 Компьютерная лингвистика,учеба,учеба
261986453,васяколбася,kvasmaloy,13,-1002164751550,2024 Компьютерная лингвистика,учеба,учеба
114562679,Vitaliy Pozdnyakov,pozdnyakov_vitaliy,13,-1002164751550,2024 Компьютерная лингвистика,учеба,учеба
839807830,sveta,krahekrahzte,13,-1002164751550,2024 Компьютерная лингвистика,учеба,учеба
465024867,Elizabeth,e_f_swedenborg,13,-1002164751550,2024 Компьютерная лингвистика,учеба,учеба
1076318107,пуфик,pufik0602,13,-1002164751550,2024 Компьютерная лингвистика,учеба,учеба
374631663,Irina,germanprincess,13,-1002164751550,2024 Компьютерная лингвистика,учеба,учеба
417762567,Olga (olesar) Lyashevskaya,olesar,13,-1002164751550,2024 Компьютерная лингвистика,учеба,учеба
815991502,Полина Меньшова,polina_men19,13,-1002164751550,2024 Компьютерная лингвистика,учеба,учеба
618290969,Маша Волина,volina092,13,-1002164751550,2024 Компьютерная лингвистика,учеба,учеба
243732784,Anna Komissarenko (Zhuravleva),zhuravlevahanna,13,-1002164751550,2024 Компьютерная лингвистика,учеба,учеба
172543854,Mikhail,misha_p,13,-1002164751550,2024 Компьютерная лингвистика,учеба,учеба
5072789526,Alexander Baranof,alexanderbaranof,13,-1002164751550,2024 Компьютерная лингвистика,учеба,учеба
1973163390,marina,fenliee,13,-1002164751550,2024 Компьютерная лингвистика,учеба,учеба
1274584162,Алла Знаменская,monalmiz,13,-1002164751550,2024 Компьютерная лингвистика,учеба,учеба
686599248,Женя 🪄,Nonnonmacaron,13,-1002164751550,2024 Компьютерная лингвистика,учеба,учеба
895664826,Сэр ежа,serezhkag,13,-1002164751550,2024 Компьютерная лингвистика,учеба,учеба
1352312167,Александра,sh_allie,13,-1002164751550,2024 Компьютерная лингвистика,учеба,учеба
419896689,Nina Sakharova,ninasakharova,13,-1002164751550,2024 Компьютерная лингвистика,учеба,учеба
208963838,Daria Bolgarina,BolgarinaD,13,-1002164751550,2024 Компьютерная лингвистика,учеба,учеба
5188919562,Anna,silverlaining,13,-1002164751550,2024 Компьютерная лингвистика,учеба,учеба
961922222,Sasha Podobryaev,bryaich,13,-1002164751550,2024 Компьютерная лингвистика,учеба,учеба
906577677,Albert Kornilov,the_eigenvalue,13,-1002164751550,2024 Компьютерная лингвистика,учеба,учеба
46037862,Konstantin Druzhkin,KDruzhkin,13,-1002164751550,2024 Компьютерная лингвистика,учеба,учеба
442878655,Егор,odomort,13,-1002164751550,2024 Компьютерная лингвистика,учеба,учеба
431316101,Андрей,andrey_bobr,13,-1002164751550,2024 Компьютерная лингвистика,учеба,учеба
72896176,Mikhail Nefedov,Nefedov_m,13,-1002164751550,2024 Компьютерная лингвистика,учеба,учеба
5051317313,Елизавета,itsvecha,13,-1002164751550,2024 Компьютерная лингвистика,учеба,учеба
430715021,Karina Zelenova,karinaz_992,14,-1002277560662,TFAIM lab chat,работа,работа_1
257557220,Fyodor,teddy_nos,14,-1002277560662,TFAIM lab chat,работа,работа_1
351840977,Egor Gladin,egorgladin,14,-1002277560662,TFAIM lab chat,работа,работа_1
383430803,Denis S,denvar15,14,-1002277560662,TFAIM lab chat,работа,работа_1
496134592,Konstantin Yakovlev,Bicycle_Standart,14,-1002277560662,TFAIM lab chat,работа,работа_1
350877911,Boris Zhukov,podmabsterio,14,-1002277560662,TFAIM lab chat,работа,работа_1
890873400,Artem Potarusov,artempotarusov,14,-1002277560662,TFAIM lab chat,работа,работа_1
278918519,Nikita Puchkin,nikita_puchkin,14,-1002277560662,TFAIM lab chat,работа,работа_1
234339879,Alexey Vasilev,AleXXL1986,14,-1002277560662,TFAIM lab chat,работа,работа_1
511243651,Vladimir Spokoiny,VladimirSpokoiny,14,-1002277560662,TFAIM lab chat,работа,работа_1
6028082757,Владимир Димитров,vdimitrov_ai,14,-1002277560662,TFAIM lab chat,работа,работа_1
382390086,Vlada,vlada_schmidt,14,-1002277560662,TFAIM lab chat,работа,работа_1
34190556,Eugene Kogan,koganeser,14,-1002277560662,TFAIM lab chat,работа,работа_1
159720910,Nikita Yudin,nikitayudin,14,-1002277560662,TFAIM lab chat,работа,работа_1
249905333,A K,gorianzwei,14,-1002277560662,TFAIM lab chat,работа,работа_1
434499694,Ignat,sumimmanis,14,-1002277560662,TFAIM lab chat,работа,работа_1
291688372,Stepan Pavlenko,baserti5,14,-1002277560662,TFAIM lab chat,работа,работа_1
592045704,Mishan Aliev,MishanAliev,14,-1002277560662,TFAIM lab chat,работа,работа_1
459963846,Alexandr,welmud,14,-1002277560662,TFAIM lab chat,работа,работа_1
206951393,Artur Gimranov,toobrainless,14,-1002277560662,TFAIM lab chat,работа,работа_1
406501296,iura pustovalov,,14,-1002277560662,TFAIM lab chat,работа,работа_1
335979566,Sergey Pankevich,spankevich,14,-1002277560662,TFAIM lab chat,работа,работа_1
62925431,Alexey Naumov,drnaumov,14,-1002277560662,TFAIM lab chat,работа,работа_1
861921815,Dmitriy Sorokin,torchrik,14,-1002277560662,TFAIM lab chat,работа,работа_1
2038008518,Артем Логачев,,14,-1002277560662,TFAIM lab chat,работа,работа_1
248863894,Elizaveta Zhemchuzhina,lizazhemchuzhina,14,-1002277560662,TFAIM lab chat,работа,работа_1
913409637,Алина,a_rechina,14,-1002277560662,TFAIM lab chat,работа,работа_1
489684053,Ivan Chepikov,darttusin,14,-1002277560662,TFAIM lab chat,работа,работа_1
206709618,ARVO,mr_arvo,14,-1002277560662,TFAIM lab chat,работа,работа_1
619849961,Y Sapr,stochastic_oracle,14,-1002277560662,TFAIM lab chat,работа,работа_1
898629742,Eugene Stepanov,,14,-1002277560662,TFAIM lab chat,работа,работа_1
308367248,Evgeny Prokopenko,EIprokopenko,14,-1002277560662,TFAIM lab chat,работа,работа_1
102009567,Aibek,aibrain,14,-1002277560662,TFAIM lab chat,работа,работа_1
462322091,Sergei Zhurаvlev,malodetz,14,-1002277560662,TFAIM lab chat,работа,работа_1
377800110,Alexander Buyantuev,alexbuyan,14,-1002277560662,TFAIM lab chat,работа,работа_1
283460642,Ilya,philurame,14,-1002277560662,TFAIM lab chat,работа,работа_1
1035680921,Людмила Савченко,lyudmila_savchenko,14,-1002277560662,TFAIM lab chat,работа,работа_1
683777507,аnna markovich,lipperrdino,14,-1002277560662,TFAIM lab chat,работа,работа_1
409632078,Aleksandr Lobanov,,14,-1002277560662,TFAIM lab chat,работа,работа_1
317330919,Andrey Savchenko,a_v_savchenko,14,-1002277560662,TFAIM lab chat,работа,работа_1
97411495,sasha ivanova,sasha_pff,14,-1002277560662,TFAIM lab chat,работа,работа_1
94575705,Илья Карпов,karpovilia,15,-4865610601,Задача для Марии Егоровой,работа,работа_3
6202104062,Юрий Кондратов,yukondratov,15,-4865610601,Задача для Марии Егоровой,работа,работа_3
913409637,Алина,a_rechina,15,-4865610601,Задача для Марии Егоровой,работа,работа_3
801339608,Мария Егорова,mervu,15,-4865610601,Задача для Марии Егоровой,работа,работа_3
155568652,Elena (Шёрстка) Nikitina,Shorstko,15,-4865610601,Задача для Марии Егоровой,работа,работа_3
906577677,Albert Kornilov,the_eigenvalue,16,-5071741326,Типа эксплингва статья туда сюда,учеба,учеба
686599248,Женя 🪄,Nonnonmacaron,16,-5071741326,Типа эксплингва статья туда сюда,учеба,учеба
913409637,Алина,a_rechina,17,-1002600521135,NLP smol,работа,работа_3
6202104062,Юрий Кондратов,yukondratov,17,-1002600521135,NLP smol,работа,работа_3
438200603,Ярослав 💘,gor_yar,17,-1002600521135,NLP smol,работа,работа_3
474072373,алзоникс,,18,-1002679870240,2 августа 2025,школа,школа
880437735,Ярослав,yaroslavfedulov,18,-1002679870240,2 августа 2025,школа,школа
1000301127,холодный сименс,lehanaxuy,18,-1002679870240,2 августа 2025,школа,школа
476025441,Denis Melnik,Boomzuk,18,-1002679870240,2 августа 2025,школа,школа
785753657,fanatic emotions,eMMotIon090clUb,18,-1002679870240,2 августа 2025,школа,школа
491438590,Артём Белов,dmtr4tm,18,-1002679870240,2 августа 2025,школа,школа
926257696,Алексей Золотницин,DeadWriter271828,18,-1002679870240,2 августа 2025,школа,школа
1767732808,Sophie,anxfairy,18,-1002679870240,2 августа 2025,школа,школа
472420324,kitkate,kitkatee,18,-1002679870240,2 августа 2025,школа,школа
1078493842,irotwein 💗,irotwein,18,-1002679870240,2 августа 2025,школа,школа
395644602,Анна Пулочкина,AnnaPulochkina,18,-1002679870240,2 августа 2025,школа,школа
207029684,Аня 🍡,jwnsbdux,18,-1002679870240,2 августа 2025,школа,школа
5368866106,Это я,ktotolab9,18,-1002679870240,2 августа 2025,школа,школа
287810383,Сергей Горбов,s2pidoo,18,-1002679870240,2 августа 2025,школа,школа
850498699,Дэнчик Васин,DenfChase,18,-1002679870240,2 августа 2025,школа,школа
744105113,Alina,lina_y_kamina,18,-1002679870240,2 августа 2025,школа,школа
934843702,Дарья Матвеева,dari03m,18,-1002679870240,2 августа 2025,школа,школа
1744048931,Александра Тереханова,terehanovaA,18,-1002679870240,2 августа 2025,школа,школа
1196157885,Влад Леваков,Firmino_2003,18,-1002679870240,2 августа 2025,школа,школа
477187014,Ekaterina Murygina,katzmur,18,-1002679870240,2 августа 2025,школа,школа
464564218,varvara akimkina,varechkaaaa,18,-1002679870240,2 августа 2025,школа,школа
933512623,Роман Боев,romanr10p,18,-1002679870240,2 августа 2025,школа,школа
641947953,Кирилл Шальнов,cntrkilril,18,-1002679870240,2 августа 2025,школа,школа
802618114,Алиса ☃️❄️,alivas,18,-1002679870240,2 августа 2025,школа,школа
944084324,TikhonovaA,A_itmm,18,-1002679870240,2 августа 2025,школа,школа
349593188,Dmitryyyyyy,dmitrygalanin,18,-1002679870240,2 августа 2025,школа,школа
714604103,Pavel,,18,-1002679870240,2 августа 2025,школа,школа
311252759,Polina Kosheleva,polyanthus1,18,-1002679870240,2 августа 2025,школа,школа
1022425219,Артем Шеферов,aysheferov,18,-1002679870240,2 августа 2025,школа,школа
994011188,Sadness,lllSadnessllI,18,-1002679870240,2 августа 2025,школа,школа
571100218,Владислава Грошева,Grosheva_Vladislava,18,-1002679870240,2 августа 2025,школа,школа
1178600063,Артем Горячев,artemonte,18,-1002679870240,2 августа 2025,школа,школа
294795780,Anastasia Skachkova,awakenedlilac,18,-1002679870240,2 августа 2025,школа,школа
818735240,Полина,plnmlkn,18,-1002679870240,2 августа 2025,школа,школа
1763048793,Ульяна,uliana_gubina,18,-1002679870240,2 августа 2025,школа,школа
837181659,Рин,faruminitet,18,-1002679870240,2 августа 2025,школа,школа
449900163,Nikita Makarov,MakAlNik03,18,-1002679870240,2 августа 2025,школа,школа
5188919562,Anna,silverlaining,19,-4519914969,ПИС КЛ 2024,учеба,учеба
5051317313,Елизавета,itsvecha,19,-4519914969,ПИС КЛ 2024,учеба,учеба
1027839559,Kirill Soloshenko,Admiral_Tvoei_Lubvi,19,-4519914969,ПИС КЛ 2024,учеба,учеба
1352312167,Александра,sh_allie,19,-4519914969,ПИС КЛ 2024,учеба,учеба
686599248,Женя 🪄,Nonnonmacaron,19,-4519914969,ПИС КЛ 2024,учеба,учеба
469555607,饭桶,liming_v,19,-4519914969,ПИС КЛ 2024,учеба,учеба
90683836,Artem Katsnelson,AKatsnelson,19,-4519914969,ПИС КЛ 2024,учеба,учеба
906577677,Albert Kornilov,the_eigenvalue,19,-4519914969,ПИС КЛ 2024,учеба,учеба
376349502,Алёна,malyavochkina,19,-4519914969,ПИС КЛ 2024,учеба,учеба
442878655,Егор,odomort,19,-4519914969,ПИС КЛ 2024,учеба,учеба
1076318107,пуфик,pufik0602,19,-4519914969,ПИС КЛ 2024,учеба,учеба
465024867,Elizabeth,e_f_swedenborg,19,-4519914969,ПИС КЛ 2024,учеба,учеба
1973163390,marina,fenliee,19,-4519914969,ПИС КЛ 2024,учеба,учеба
895664826,Сэр ежа,serezhkag,19,-4519914969,ПИС КЛ 2024,учеба,учеба
394877112,Antonius,Antonius778,19,-4519914969,ПИС КЛ 2024,учеба,учеба
267244287,Lada,luckyseven_s,19,-4519914969,ПИС КЛ 2024,учеба,учеба
261986453,васяколбася,kvasmaloy,19,-4519914969,ПИС КЛ 2024,учеба,учеба
431316101,Андрей,andrey_bobr,19,-4519914969,ПИС КЛ 2024,учеба,учеба
815991502,Полина Меньшова,polina_men19,19,-4519914969,ПИС КЛ 2024,учеба,учеба
374631663,Irina,germanprincess,19,-4519914969,ПИС КЛ 2024,учеба,учеба
839807830,sveta,krahekrahzte,19,-4519914969,ПИС КЛ 2024,учеба,учеба
144728014,Svetlana Toldova,toldova,19,-4519914969,ПИС КЛ 2024,учеба,учеба
618290969,Маша Волина,volina092,19,-4519914969,ПИС КЛ 2024,учеба,учеба
481991549,Ангелина Степанова,life_on_maaars,19,-4519914969,ПИС КЛ 2024,учеба,учеба
1315420237,Максим Ст,maxime_st,19,-4519914969,ПИС КЛ 2024,учеба,учеба
90683836,Artem Katsnelson,AKatsnelson,20,-4571202401,пробинг,учеба,учеба
481991549,Ангелина Степанова,life_on_maaars,20,-4571202401,пробинг,учеба,учеба
267244287,Lada,luckyseven_s,20,-4571202401,пробинг,учеба,учеба
906577677,Albert Kornilov,the_eigenvalue,20,-4571202401,пробинг,учеба,учеба
558650244,otb,dhs00,21,-338577046,АПР (общий),работа,работа_3
407636220,Aleksey,BarmaleyVIP,21,-338577046,АПР (общий),работа,работа_3
1057549877,Илья,IlyaInv55,21,-338577046,АПР (общий),работа,работа_3
1113398253,Daniil Sinyakin,exxlu,21,-338577046,АПР (общий),работа,работа_3
1049144739,Сергей,S_grivon,21,-338577046,АПР (общий),работа,работа_3
743147087,Артем,christ_le,21,-338577046,АПР (общий),работа,работа_3
1093702394,Женечка,BeesquitHoney,21,-338577046,АПР (общий),работа,работа_3
288759699,Polina,yourcaptain,21,-338577046,АПР (общий),работа,работа_3
5502476935,Katherine,moonncesss,21,-338577046,АПР (общий),работа,работа_3
493387109,laughter paroxysm,kirillentiydarealcaucasian,21,-338577046,АПР (общий),работа,работа_3
1295288974,Anastasia,Aniskoskina,21,-338577046,АПР (общий),работа,работа_3
271874312,Freewalkr,Freewalkr,21,-338577046,АПР (общий),работа,работа_3
410112220,Александра,AlexaMartlet,21,-338577046,АПР (общий),работа,работа_3
206709618,ARVO,mr_arvo,21,-338577046,АПР (общий),работа,работа_3
489684053,Ivan Chepikov,darttusin,21,-338577046,АПР (общий),работа,работа_3
6202104062,Юрий Кондратов,yukondratov,21,-338577046,АПР (общий),работа,работа_3
474306840,Dmitry,eslichoetoi,21,-338577046,АПР (общий),работа,работа_3
913409637,Алина,a_rechina,21,-338577046,АПР (общий),работа,работа_3
458317172,Savva Spiridonov,SavvaSpiridonov,21,-338577046,АПР (общий),работа,работа_3
427046430,Dmitriy,DIMON_0395,21,-338577046,АПР (общий),работа,работа_3
126752145,Feodor Lebedev,Feod0r,21,-338577046,АПР (общий),работа,работа_3
637396524,Анна К,annathalmann,21,-338577046,АПР (общий),работа,работа_3
653606922,Denis Den,DenisFt,21,-338577046,АПР (общий),работа,работа_3
1034706720,Denis Losev,KrainovSD,21,-338577046,АПР (общий),работа,работа_3
950100214,Аким Андреевич,MFeynman,21,-338577046,АПР (общий),работа,работа_3
964279631,Alexandra Borzova,tearoutth,21,-338577046,АПР (общий),работа,работа_3
261963535,Olesya,Olesya_Leonovich,21,-338577046,АПР (общий),работа,работа_3
2006661631,А. Б.,bk_ars1,21,-338577046,АПР (общий),работа,работа_3
438200603,Ярослав 💘,gor_yar,21,-338577046,АПР (общий),работа,работа_3
729118904,Silvestr,silverfatt,21,-338577046,АПР (общий),работа,работа_3
1043078227,Егор Александров,neych3842,21,-338577046,АПР (общий),работа,работа_3
155568652,Elena (Шёрстка) Nikitina,Shorstko,21,-338577046,АПР (общий),работа,работа_3
1359350320,Nick,romanov_164,21,-338577046,АПР (общий),работа,работа_3
28220612,Илья Катчан,Katttchan,21,-338577046,АПР (общий),работа,работа_3
411068567,Anastasia Kononova,diablotine,21,-338577046,АПР (общий),работа,работа_3
854508486,Ash Cool,Ashy_Cool,21,-338577046,АПР (общий),работа,работа_3
50286325,Oksana Akimova,oksana_akimova,21,-338577046,АПР (общий),работа,работа_3
2548845,Vtaly📼,ji8djkhdlcs,21,-338577046,АПР (общий),работа,работа_3
499007836,Viktoria S.,,21,-338577046,АПР (общий),работа,работа_3
396463506,* * *,,21,-338577046,АПР (общий),работа,работа_3
378681060,Alenka,,21,-338577046,АПР (общий),работа,работа_3
172615056,DreamZebra,DreamZebra,21,-338577046,АПР (общий),работа,работа_3
199124009,n0nvme,n0nvme,21,-338577046,АПР (общий),работа,работа_3
726509105,Maksim Smirnov,RedCrow7,21,-338577046,АПР (общий),работа,работа_3
271039956,DmU,Count_Dee,21,-338577046,АПР (общий),работа,работа_3
623611917,eugeny,eugeny_sh,21,-338577046,АПР (общий),работа,работа_3
407021716,Denis Mordvinov,denlunatic,21,-338577046,АПР (общий),работа,работа_3
416083426,Mikhail Pendiukhov,,21,-338577046,АПР (общий),работа,работа_3
322960325,Sergey Abakhov,mageno85,21,-338577046,АПР (общий),работа,работа_3
94575705,Илья Карпов,karpovilia,21,-338577046,АПР (общий),работа,работа_3
327827066,Yuri,OOOOW12,21,-338577046,АПР (общий),работа,работа_3
465664867,Jackob,James_Raskind,22,-4569852431,Локализация грамматик_общий,учеба,учеба
1127335994,маsha,limerencious,22,-4569852431,Локализация грамматик_общий,учеба,учеба
906577677,Albert Kornilov,the_eigenvalue,22,-4569852431,Локализация грамматик_общий,учеба,учеба
782694961,Nika Zykova,yakitomari,22,-4569852431,Локализация грамматик_общий,учеба,учеба
472897852,Eduard Klyshinsky,Klyshinsky,22,-4569852431,Локализация грамматик_общий,учеба,учеба
267244287,Lada,luckyseven_s,22,-4569852431,Локализация грамматик_общий,учеба,учеба
144219174,Sergej,xenomirant,22,-4569852431,Локализация грамматик_общий,учеба,учеба
481991549,Ангелина Степанова,life_on_maaars,22,-4569852431,Локализация грамматик_общий,учеба,учеба
481991549,Ангелина Степанова,life_on_maaars,23,-1002626380380,:о) мы хотим в днд,учеба,учеба
839807830,sveta,krahekrahzte,23,-1002626380380,:о) мы хотим в днд,учеба,учеба
472897852,Eduard Klyshinsky,Klyshinsky,23,-1002626380380,:о) мы хотим в днд,учеба,учеба
267244287,Lada,luckyseven_s,23,-1002626380380,:о) мы хотим в днд,учеба,учеба
1973163390,marina,fenliee,23,-1002626380380,:о) мы хотим в днд,учеба,учеба
261986453,васяколбася,kvasmaloy,23,-1002626380380,:о) мы хотим в днд,учеба,учеба
1352312167,Александра,sh_allie,23,-1002626380380,:о) мы хотим в днд,учеба,учеба
465024867,Elizabeth,e_f_swedenborg,23,-1002626380380,:о) мы хотим в днд,учеба,учеба
895664826,Сэр ежа,serezhkag,23,-1002626380380,:о) мы хотим в днд,учеба,учеба
438200603,Ярослав 💘,gor_yar,24,-4834940261,Книжный клуб,друзья,работа_3
199124009,n0nvme,n0nvme,24,-4834940261,Книжный клуб,друзья,работа_3
410112220,Александра,AlexaMartlet,24,-4834940261,Книжный клуб,друзья,работа_3
94575705,Илья Карпов,karpovilia,25,-1002270869150,АПР Data Science,работа,работа_3
206709618,ARVO,mr_arvo,25,-1002270869150,АПР Data Science,работа,работа_3
913409637,Алина,a_rechina,25,-1002270869150,АПР Data Science,работа,работа_3
489684053,Ivan Chepikov,darttusin,25,-1002270869150,АПР Data Science,работа,работа_3
155568652,Elena (Шёрстка) Nikitina,Shorstko,25,-1002270869150,АПР Data Science,работа,работа_3
438200603,Ярослав 💘,gor_yar,25,-1002270869150,АПР Data Science,работа,работа_3
6202104062,Юрий Кондратов,yukondratov,25,-1002270869150,АПР Data Science,работа,работа_3
199124009,n0nvme,n0nvme,25,-1002270869150,АПР Data Science,работа,работа_3
854508486,Ash Cool,Ashy_Cool,25,-1002270869150,АПР Data Science,работа,работа_3
469145391,Алиса Комрад 🤜🤛,wonderland_13,26,-1002955483525,В гости 🚁🚀🛰,друзья,друзья_1
1881810964,Anastasia Ovchinnikova,,26,-1002955483525,В гости 🚁🚀🛰,друзья,друзья_1
1354905725,Будущий 💚,Halcyon999,26,-1002955483525,В гости 🚁🚀🛰,друзья,друзья_1
888828912,anna kuchenina,pomyaukaem,27,-1002203064572,HSE RUN | Неправильные пчёлы,друзья,друзья_1
913409637,Алина,a_rechina,27,-1002203064572,HSE RUN | Неправильные пчёлы,друзья,друзья_1
469145391,Алиса Комрад 🤜🤛,wonderland_13,27,-1002203064572,HSE RUN | Неправильные пчёлы,друзья,друзья_1
1881810964,Anastasia Ovchinnikova,,27,-1002203064572,HSE RUN | Неправильные пчёлы,друзья,друзья_1
686599248,Женя 🪄,Nonnonmacaron,28,-4837931284,ДР Алсу,друзья,друзья_1
1881810964,Anastasia Ovchinnikova,,28,-4837931284,ДР Алсу,друзья,друзья_1
1125600016,Салимат 🍾,Zaydieva,28,-4837931284,ДР Алсу,друзья,друзья_1
469145391,Алиса Комрад 🤜🤛,wonderland_13,28,-4837931284,ДР Алсу,друзья,друзья_1
23244855,Никита Евгенов,Smanic,29,-4878606760,prj: vls,работа,работа_3
160767378,Artem Egorov,TemaEgorovMsc,29,-4878606760,prj: vls,работа,работа_3
438200603,Ярослав 💘,gor_yar,29,-4878606760,prj: vls,работа,работа_3
94575705,Илья Карпов,karpovilia,29,-4878606760,prj: vls,работа,работа_3
155568652,Elena (Шёрстка) Nikitina,Shorstko,30,-1002422247152,Прошаренное КСП,работа,работа_2
458926896,Андрей Чернов,centurion_34,30,-1002422247152,Прошаренное КСП,работа,работа_2
6202104062,Юрий Кондратов,yukondratov,30,-1002422247152,Прошаренное КСП,работа,работа_2
214637030,Rubikoid,Rubikoid,30,-1002422247152,Прошаренное КСП,работа,работа_2
913409637,Алина,a_rechina,30,-1002422247152,Прошаренное КСП,работа,работа_2
206709618,ARVO,mr_arvo,30,-1002422247152,Прошаренное КСП,работа,работа_2
410112220,Александра,AlexaMartlet,30,-1002422247152,Прошаренное КСП,работа,работа_2